task	name	sub	n_sub	num_samples	n_starts	sg	key	tsf	mol
0	mipcas_elj	0	2	10070	20139	2	elj	0.3635836825309169	/scratch/mk8347/data/crystal_datasets/mipcas/MIPCAS_standardized.pt
1	mipcas_elj	1	2	10070	20139	2	elj	0.3635836825309169	/scratch/mk8347/data/crystal_datasets/mipcas/MIPCAS_standardized.pt
2	mipcas_uma	0	4	1906	7624	2	uma	1.0	/scratch/mk8347/data/crystal_datasets/mipcas/MIPCAS_standardized.pt
3	mipcas_uma	1	4	1906	7624	2	uma	1.0	/scratch/mk8347/data/crystal_datasets/mipcas/MIPCAS_standardized.pt
4	mipcas_uma	2	4	1906	7624	2	uma	1.0	/scratch/mk8347/data/crystal_datasets/mipcas/MIPCAS_standardized.pt
5	mipcas_uma	3	4	1906	7624	2	uma	1.0	/scratch/mk8347/data/crystal_datasets/mipcas/MIPCAS_standardized.pt
6	nehzor_elj	0	4	0	0	14	elj	0.15557874739170074	/scratch/mk8347/data/crystal_datasets/nehzor/NEHZOR0_std_conf.pt
7	nehzor_elj	1	4	0	0	14	elj	0.15557874739170074	/scratch/mk8347/data/crystal_datasets/nehzor/NEHZOR0_std_conf.pt
8	nehzor_elj	2	4	0	0	14	elj	0.15557874739170074	/scratch/mk8347/data/crystal_datasets/nehzor/NEHZOR0_std_conf.pt
9	nehzor_elj	3	4	0	0	14	elj	0.15557874739170074	/scratch/mk8347/data/crystal_datasets/nehzor/NEHZOR0_std_conf.pt
10	nehzor_uma	0	16	0	0	14	uma	1.0	/scratch/mk8347/data/crystal_datasets/nehzor/NEHZOR0_std_conf.pt
11	nehzor_uma	1	16	0	0	14	uma	1.0	/scratch/mk8347/data/crystal_datasets/nehzor/NEHZOR0_std_conf.pt
12	nehzor_uma	2	16	0	0	14	uma	1.0	/scratch/mk8347/data/crystal_datasets/nehzor/NEHZOR0_std_conf.pt
13	nehzor_uma	3	16	0	0	14	uma	1.0	/scratch/mk8347/data/crystal_datasets/nehzor/NEHZOR0_std_conf.pt
14	nehzor_uma	4	16	0	0	14	uma	1.0	/scratch/mk8347/data/crystal_datasets/nehzor/NEHZOR0_std_conf.pt
15	nehzor_uma	5	16	0	0	14	uma	1.0	/scratch/mk8347/data/crystal_datasets/nehzor/NEHZOR0_std_conf.pt
16	nehzor_uma	6	16	0	0	14	uma	1.0	/scratch/mk8347/data/crystal_datasets/nehzor/NEHZOR0_std_conf.pt
17	nehzor_uma	7	16	0	0	14	uma	1.0	/scratch/mk8347/data/crystal_datasets/nehzor/NEHZOR0_std_conf.pt
18	nehzor_uma	8	16	0	0	14	uma	1.0	/scratch/mk8347/data/crystal_datasets/nehzor/NEHZOR0_std_conf.pt
19	nehzor_uma	9	16	0	0	14	uma	1.0	/scratch/mk8347/data/crystal_datasets/nehzor/NEHZOR0_std_conf.pt
20	nehzor_uma	10	16	0	0	14	uma	1.0	/scratch/mk8347/data/crystal_datasets/nehzor/NEHZOR0_std_conf.pt
21	nehzor_uma	11	16	0	0	14	uma	1.0	/scratch/mk8347/data/crystal_datasets/nehzor/NEHZOR0_std_conf.pt
22	nehzor_uma	12	16	0	0	14	uma	1.0	/scratch/mk8347/data/crystal_datasets/nehzor/NEHZOR0_std_conf.pt
23	nehzor_uma	13	16	0	0	14	uma	1.0	/scratch/mk8347/data/crystal_datasets/nehzor/NEHZOR0_std_conf.pt
24	nehzor_uma	14	16	0	0	14	uma	1.0	/scratch/mk8347/data/crystal_datasets/nehzor/NEHZOR0_std_conf.pt
25	nehzor_uma	15	16	0	0	14	uma	1.0	/scratch/mk8347/data/crystal_datasets/nehzor/NEHZOR0_std_conf.pt
