arm	family	start	warm_src	prior	prior_bytes
qf30_edr_cmle_s1	qm9full	fresh	-	qm9full_prior.pt	2433322986
qf30_edr_cmle_s2	qm9full	fresh	-	qm9full_prior.pt	2433322986
qf30_edr_cmle_s3	qm9full	fresh	-	qm9full_prior.pt	2433322986
qf30_gp_cmle_s1	qm9full	fresh	-	qm9full_prior.pt	2433322986
qf30_gp_cmle_s2	qm9full	fresh	-	qm9full_prior.pt	2433322986
qf30_gp_cmle_s3	qm9full	fresh	-	qm9full_prior.pt	2433322986
qf30_gpl_cmle_s1	qm9full	fresh	-	qm9full_prior.pt	2433322986
qf30_gpl_cmle_s2	qm9full	fresh	-	qm9full_prior.pt	2433322986
qf30_gpl_cmle_s3	qm9full	fresh	-	qm9full_prior.pt	2433322986
qf30_gpt_cmle_s1	qm9full	fresh	-	qm9full_prior.pt	2433322986
qf30_gpt_cmle_s2	qm9full	fresh	-	qm9full_prior.pt	2433322986
