run,canc,t0,t1,dur_h,steps,batch,step_s,energy_s,nonenergy_s,gpu_util,util_x_t,smclk,pwrW,tempC,host_mem_pct,rss_gb,net_sent_MBs,net_recv_MBs
mipu_lr0p03125,True,1.0,1.2,0.2,5230-5280,1600,12.2,4.91,7.29,54.2,6.61,1410.0,210.0,40.0,3.5,2.77,0.03,0.0
mipu_lr0p03125,True,1.2,1.8,0.5,5280-5390,1600,17.33,8.18,9.14,60.0,10.39,1410.0,222.0,41.0,4.0,2.68,0.03,0.0
mipu_lr0p03125,True,1.8,2.0,0.3,5390-5450,1600,13.8,4.83,8.97,55.6,7.67,1360.0,207.0,39.0,3.8,2.68,0.03,0.0
mipu_lr0p03125,True,2.0,2.4,0.4,5450-5510,1600,22.66,11.89,10.78,59.0,13.38,1387.0,219.0,40.0,4.3,2.68,0.03,0.0
mipu_lr0p03125,True,2.4,2.9,0.5,5510-5570,1600,28.0,17.29,10.71,67.5,18.91,1408.0,244.0,43.0,4.4,2.68,0.03,0.0
mipu_lr0p03125,True,2.9,3.2,0.3,5570-5620,1600,22.44,11.48,10.96,65.5,14.69,1410.0,234.0,41.0,3.3,2.68,0.03,0.0
mipu_lr0p03125,True,3.2,3.5,0.3,5620-5690,1600,17.29,8.41,8.87,62.2,10.76,1408.0,226.0,41.0,3.4,2.68,0.03,0.0
mipu_lr0p03125,True,3.5,10.3,6.8,5690-7660,1600,12.28,4.12,8.17,53.4,6.56,1403.0,208.0,39.0,5.2,2.69,0.04,0.0
mipu_lr0p03125,True,10.3,19.0,8.7,7660-10880,1600,9.67,3.92,5.74,66.6,6.43,1410.0,235.0,42.0,5.4,2.7,0.41,0.37
mipu_lr0p03125,True,19.0,21.0,2.0,10880-11360,1600,14.97,4.46,10.51,49.0,7.33,1349.0,185.0,37.0,13.4,2.72,0.04,0.0
nehu_lr0p015625,False,1.0,5.7,4.7,5140-5920,1600,19.46,13.72,5.74,81.1,15.78,1410.0,280.0,46.0,35.1,2.7,2.6,2.57
nehu_lr0p015625,False,5.7,6.1,0.4,5920-5970,1600,33.51,20.67,12.84,84.9,28.44,1410.0,284.0,47.0,36.2,2.7,2.66,2.63
nehu_lr0p015625,False,6.1,21.1,15.0,5970-8660,1600,19.37,13.41,5.96,82.1,15.9,1410.0,281.0,46.0,27.2,2.71,1.93,1.9
nehu_lr0p015625,False,21.1,27.7,6.6,8660-9780,1600,21.26,13.36,7.9,77.1,16.4,1410.0,272.0,45.0,6.0,2.71,0.22,0.18
nehu_lr0p015625,False,27.7,38.3,10.6,9780-11770,1600,19.13,13.23,5.9,85.0,16.26,1410.0,291.0,47.0,5.8,2.74,0.21,0.18
nehu_lr0p015625,False,38.3,47.6,9.3,11770-13220,1600,22.5,13.52,8.99,72.6,16.35,1389.0,258.0,44.0,5.3,2.74,0.04,0.01
acr_lr0p1,False,1.0,1.3,0.2,9120-9170,1000,18.92,10.6,8.32,82.7,15.66,1410.0,192.0,38.0,16.8,6.67,0.04,0.0
acr_lr0p1,False,1.3,1.6,0.3,9170-9230,1000,17.58,9.9,7.68,84.8,14.9,1410.0,178.0,38.0,16.5,4.24,0.04,0.0
acr_lr0p1,False,1.6,10.9,9.4,9230-12410,1000,10.45,4.89,5.55,75.3,7.86,1410.0,179.0,37.0,16.6,4.1,0.04,0.0
acr_lr0p1,False,10.9,16.0,5.1,12410-13800,1000,13.0,5.18,7.82,63.8,8.29,1365.0,156.0,35.0,9.7,4.08,0.03,0.0
acr_lr0p1,False,16.0,21.7,5.6,13800-15170,1000,14.6,5.44,9.16,57.9,8.46,1358.0,147.0,34.0,6.9,4.2,0.04,0.0
acr_lr0p1,False,21.7,30.7,9.0,15170-17880,1000,11.77,5.16,6.61,67.5,7.95,1396.0,168.0,37.0,6.0,4.09,0.04,0.01
acr_lr0p1,False,30.7,47.6,16.9,17880-22180,1000,13.97,5.38,8.59,59.2,8.27,1358.0,152.0,35.0,4.7,4.12,0.08,0.04
mipu_lr0p0625,True,1.0,1.2,0.1,5240-5290,1600,10.58,3.98,6.59,69.9,7.39,1410.0,249.0,39.0,4.3,2.77,0.03,0.0
mipu_lr0p0625,True,1.2,1.8,0.7,5290-5440,1600,15.73,8.04,7.68,69.0,10.85,1410.0,236.0,39.0,4.4,2.66,0.03,0.0
mipu_lr0p0625,True,1.8,32.6,30.8,5440-16780,1600,9.73,3.91,5.81,66.3,6.45,1410.0,223.0,39.0,3.1,2.7,0.1,0.07
mipu_lr0p0625,True,32.6,41.6,9.0,16780-19410,1600,12.46,4.09,8.37,53.5,6.67,1397.0,199.0,37.0,8.8,2.68,0.03,0.0
mipu_lr0p015625,True,1.0,2.1,1.1,5250-5530,1600,13.37,4.37,9.01,52.3,6.99,1383.0,195.0,38.0,5.3,2.67,0.66,0.62
nehu_lr0p125,False,1.0,18.1,17.0,5140-9420,1000,14.25,8.23,6.01,74.8,10.66,1410.0,249.0,43.0,4.8,2.74,0.05,0.02
nehu_lr0p125,False,18.1,19.2,1.2,9420-9620,1000,20.99,8.92,12.08,58.5,12.28,1367.0,210.0,39.0,14.3,2.73,0.03,0.0
nehu_lr0p125,False,19.2,28.5,9.3,9620-11620,1000,16.37,8.4,7.97,64.1,10.49,1371.0,219.0,40.0,8.7,2.76,0.04,0.0
nehu_lr0p125,False,28.5,31.9,3.4,11620-12460,1000,14.21,8.21,6.01,74.8,10.63,1406.0,247.0,42.0,3.4,2.73,0.04,0.0
nehu_lr0p125,False,31.9,42.6,10.7,12460-14670,1000,17.49,8.47,9.03,63.7,11.14,1361.0,214.0,39.0,7.3,2.74,0.04,0.0
nehu_lr0p125,False,42.6,42.9,0.3,14670-14750,1000,14.43,8.23,6.2,68.1,9.83,1371.0,229.0,40.0,6.0,2.73,0.03,0.0
nehu_lr0p125,False,42.9,53.5,10.6,14750-16930,1000,17.45,8.47,8.99,61.9,10.8,1362.0,211.0,39.0,5.3,2.76,0.04,0.0
nehu_lr0p125,False,53.5,53.9,0.4,16930-17020,1000,15.27,8.3,6.97,63.7,9.74,1370.0,221.0,40.0,6.1,2.73,0.04,0.0
nehu_lr0p125,False,53.9,64.7,10.7,17020-19240,1000,17.38,8.45,8.93,63.5,11.03,1361.0,215.0,39.0,5.0,2.75,0.04,0.0
nehu_lr0p125,False,64.7,65.2,0.6,19240-19380,1000,14.94,8.26,6.68,70.0,10.46,1384.0,236.0,41.0,5.9,2.73,0.03,0.0
nehu_lr0p125,False,65.2,75.9,10.7,19380-21590,1000,17.4,8.44,8.96,62.8,10.92,1361.0,214.0,39.0,6.2,2.76,0.29,0.26
nehu_lr0p125,False,75.9,76.3,0.3,21590-21670,1000,14.38,8.19,6.19,61.9,8.91,1373.0,220.0,40.0,7.2,2.73,0.03,0.0
nehu_lr0p125,False,76.3,98.3,22.0,21670-26070,1000,17.9,8.48,9.42,61.0,10.93,1359.0,210.0,39.0,5.0,2.74,0.04,0.0
nehu_lr0p125,False,98.3,115.5,17.3,26070-30400,1000,14.24,8.15,6.09,73.7,10.49,1409.0,247.0,42.0,4.4,2.8,0.08,0.05
acr_lr0p025,True,1.0,2.2,1.2,9100-9240,1000,28.46,13.83,14.63,66.5,18.94,1381.0,163.0,34.0,13.8,4.75,0.07,0.04
acr_lr0p025,True,2.2,3.4,1.2,9240-9460,1000,19.52,6.38,13.15,49.1,9.58,1346.0,136.0,32.0,12.3,4.02,0.04,0.01
nehu_lr0p03125,False,1.0,1.9,0.8,5120-5260,1600,21.49,13.44,8.05,77.4,16.63,1409.0,258.0,39.0,23.5,2.75,0.04,0.0
nehu_lr0p03125,False,1.9,10.2,8.4,5260-6600,1600,21.62,13.47,8.15,75.4,16.31,1400.0,252.0,38.0,15.5,2.71,0.04,0.0
nehu_lr0p03125,False,10.2,33.2,23.0,6600-10900,1600,19.16,13.25,5.92,85.1,16.3,1410.0,275.0,40.0,5.6,2.7,0.04,0.01
nehu_lr0p03125,False,33.2,47.6,14.3,10900-13220,1600,22.13,13.52,8.61,74.9,16.58,1400.0,253.0,38.0,6.7,2.73,0.04,0.01
mip_lr1,False,1.0,21.8,20.8,19450-28780,4000,7.99,0.53,7.46,69.8,5.58,1410.0,244.0,47.0,6.0,2.85,0.12,0.09
mip_lr1,False,21.8,32.0,10.2,28780-32850,4000,8.99,0.56,8.43,61.5,5.53,1410.0,228.0,45.0,8.0,2.83,0.04,0.0
mip_lr1,False,32.0,64.5,32.5,32850-44780,4000,9.77,0.57,9.2,57.3,5.6,1410.0,218.0,44.0,12.2,2.91,0.04,0.0
mip_lr1,False,64.5,83.5,18.9,44780-53010,4000,8.11,0.54,7.57,67.4,5.46,1410.0,238.0,46.0,7.2,2.93,0.27,0.24
mip_lr1,False,83.5,93.4,9.9,53010-56850,4000,9.28,0.56,8.72,60.4,5.6,1410.0,224.0,45.0,4.8,2.91,0.05,0.0
mip_lr1,False,93.4,116.4,23.0,56850-67060,4000,8.1,0.54,7.56,68.9,5.58,1410.0,242.0,46.0,7.1,2.94,0.15,0.12
mipu_lr0p25,True,1.1,1.6,0.5,5180-5220,1000,41.02,32.2,8.82,82.1,33.69,1410.0,275.0,41.0,13.7,2.72,0.1,0.07
mipu_lr0p25,True,1.6,1.9,0.3,5220-5270,1000,23.4,13.85,9.55,74.3,17.39,1410.0,237.0,38.0,2.5,2.72,0.03,0.0
mipu_lr0p25,True,1.9,2.2,0.3,5270-5380,1000,8.43,3.37,5.07,70.9,5.98,1410.0,236.0,37.0,2.5,2.72,0.03,0.0
mipu_lr0p25,True,2.2,2.8,0.5,5380-5530,1000,11.85,6.07,5.78,63.7,7.54,1410.0,228.0,37.0,2.5,2.71,0.03,0.0
mipu_lr0p25,True,2.8,15.4,12.6,5530-10850,1000,8.45,2.59,5.87,54.9,4.64,1410.0,200.0,35.0,3.4,2.71,0.03,0.0
nehu_lr0p0625,False,1.0,13.5,12.5,5150-8240,1000,14.28,8.24,6.04,73.8,10.53,1409.0,256.0,41.0,6.0,2.77,0.04,0.01
nehu_lr0p0625,False,13.5,23.9,10.4,8240-10350,1000,17.9,8.54,9.36,62.8,11.24,1363.0,222.0,38.0,4.2,2.78,0.04,0.0
nehu_lr0p0625,False,23.9,24.5,0.6,10350-10470,1000,19.26,8.71,10.55,57.8,11.12,1357.0,219.0,37.0,7.0,2.74,0.04,0.0
nehu_lr0p0625,False,24.5,40.5,16.0,10470-14480,1000,14.28,8.24,6.04,74.0,10.57,1409.0,257.0,41.0,3.5,2.76,0.04,0.16
nehu_lr0p0625,False,40.5,47.6,7.0,14480-15940,1000,17.31,8.47,8.84,62.8,10.87,1362.0,222.0,38.0,5.3,2.76,0.14,0.1
mipu_lr0p125,True,1.1,1.8,0.7,5210-5270,1600,39.43,32.47,6.97,82.5,32.51,1410.0,276.0,46.0,7.8,2.69,0.04,0.01
mipu_lr0p125,True,1.8,2.4,0.6,5270-5350,1600,24.65,17.61,7.04,79.8,19.68,1410.0,273.0,45.0,7.5,2.68,0.03,0.0
mipu_lr0p125,True,2.4,2.8,0.4,5350-5440,1600,14.46,9.04,5.42,71.0,10.27,1410.0,237.0,42.0,7.5,2.68,0.03,0.0
mipu_lr0p125,True,2.8,3.0,0.3,5440-5490,1600,21.53,12.01,9.52,76.0,16.36,1410.0,259.0,43.0,7.5,2.68,0.03,0.0
mipu_lr0p125,True,3.0,3.9,0.9,5490-5600,1600,28.68,19.45,9.23,76.8,22.02,1410.0,263.0,44.0,7.5,2.68,0.03,0.0
mipu_lr0p125,True,3.9,4.2,0.3,5600-5660,1600,19.3,9.88,9.42,69.6,13.43,1410.0,245.0,43.0,7.5,2.68,0.03,0.0
mipu_lr0p125,True,4.2,4.8,0.6,5660-5870,1600,9.78,3.9,5.89,69.2,6.77,1410.0,237.0,42.0,7.5,2.68,0.03,0.0
mipu_lr0p125,True,4.8,5.2,0.3,5870-5970,1600,14.5,6.66,7.84,69.9,10.13,1410.0,242.0,42.0,7.5,2.68,0.03,0.0
mipu_lr0p125,True,5.2,13.4,8.2,5970-8930,1600,9.77,3.92,5.85,66.8,6.53,1410.0,235.0,42.0,7.6,2.71,0.03,0.0
mipu_lr0p125,True,13.4,16.0,2.6,8930-9790,1600,10.79,3.99,6.81,61.2,6.61,1410.0,224.0,41.0,6.2,2.73,0.04,0.01
mipu_lr0p125,True,16.0,27.8,11.9,9790-14180,1600,9.69,3.89,5.8,66.3,6.43,1410.0,233.0,41.0,3.3,2.71,0.04,0.01
mipu_lr0p125,True,27.8,28.6,0.8,14180-14420,1600,11.74,4.03,7.71,55.3,6.49,1408.0,211.0,39.0,4.2,2.75,0.03,0.0
mipu_lr0p125,True,28.6,30.3,1.7,14420-14830,1600,14.59,4.42,10.17,46.0,6.72,1339.0,178.0,36.0,4.9,2.68,0.03,0.0
acr_lr0p05,False,1.0,1.6,0.6,9110-9240,1000,15.7,9.93,5.78,88.2,13.85,1409.0,179.0,35.0,4.2,5.37,0.03,0.0
acr_lr0p05,False,1.6,12.0,10.4,9240-12680,1000,10.84,4.91,5.93,73.6,7.98,1410.0,158.0,33.0,8.1,4.07,0.04,0.0
acr_lr0p05,False,12.0,22.8,10.8,12680-15830,1000,12.27,5.05,7.23,65.3,8.02,1384.0,143.0,32.0,6.0,4.07,0.06,0.01
acr_lr0p05,False,22.8,32.2,9.4,15830-19020,1000,10.5,4.89,5.61,73.8,7.75,1409.0,157.0,33.0,4.2,4.11,0.04,0.01
acr_lr0p05,False,32.2,42.0,9.7,19020-21800,1000,12.39,5.07,7.32,65.5,8.12,1378.0,143.0,32.0,4.7,4.13,0.05,0.01
acr_lr0p05,False,42.0,43.2,1.3,21800-22220,1000,10.78,5.04,5.74,70.1,7.56,1405.0,156.0,33.0,8.9,4.19,0.03,0.0
acr_lr0p05,False,43.2,47.6,4.3,22220-23440,1000,12.72,5.1,7.61,64.5,8.2,1375.0,147.0,32.0,8.4,4.2,0.03,0.0
nehu_lr0p25,False,1.0,14.1,13.0,5200-7650,1600,19.11,13.24,5.87,85.6,16.35,1410.0,291.0,45.0,7.1,2.71,0.04,0.0
nehu_lr0p25,False,14.1,25.0,11.0,7650-9360,1600,23.0,13.56,9.44,72.5,16.68,1386.0,256.0,42.0,5.1,2.71,0.03,0.0
nehu_lr0p25,False,25.0,31.3,6.3,9360-10510,1600,19.75,13.21,6.54,82.3,16.26,1408.0,281.0,44.0,10.3,2.7,0.04,0.01
nehu_lr0p25,False,31.3,47.6,16.3,10510-13210,1600,21.84,13.33,8.51,75.9,16.57,1402.0,268.0,43.0,6.1,2.73,0.04,0.02
neh_lr0p5,True,1.0,19.0,18.0,14440-22450,4000,8.04,0.61,7.44,68.6,5.52,1410.0,218.0,38.0,6.0,2.85,0.04,0.01
neh_lr0p5,True,19.0,21.6,2.6,22450-23390,4000,10.05,0.64,9.4,54.8,5.51,1410.0,193.0,36.0,8.7,2.9,1.09,1.06
neh_lr0p5,True,21.6,23.3,1.6,23390-23940,4000,10.7,0.66,10.03,51.2,5.48,1410.0,186.0,35.0,21.8,2.81,0.07,0.04
neh_lr0p5,True,23.3,24.2,1.0,23940-24220,4000,12.33,0.68,11.65,44.7,5.51,1410.0,171.0,34.0,16.3,2.88,0.03,0.0
acr_lr0p0125,False,1.0,1.3,0.3,9100-9140,1000,25.97,13.69,12.29,75.7,19.67,1389.0,181.0,34.0,3.7,6.45,0.03,0.0
acr_lr0p0125,False,1.3,2.0,0.7,9140-9250,1000,21.26,11.52,9.74,74.4,15.82,1378.0,159.0,32.0,3.6,4.16,0.03,0.0
acr_lr0p0125,False,2.0,8.6,6.6,9250-10870,1000,14.48,5.26,9.22,58.7,8.49,1353.0,150.0,31.0,4.6,4.07,0.03,0.0
acr_lr0p0125,False,8.6,12.3,3.7,10870-12110,1000,10.71,4.84,5.87,71.0,7.6,1402.0,175.0,33.0,5.3,4.02,0.04,0.0
acr_lr0p0125,False,12.3,34.2,21.9,12110-17800,1000,13.68,5.17,8.51,59.8,8.18,1356.0,153.0,32.0,4.6,4.09,0.04,0.0
acr_lr0p0125,False,34.2,36.4,2.2,17800-18550,1000,10.42,4.83,5.59,73.2,7.62,1400.0,171.0,33.0,3.9,4.32,0.2,0.02
acr_lr0p0125,False,36.4,47.2,10.8,18550-21350,1000,13.74,5.15,8.59,60.3,8.28,1356.0,153.0,32.0,6.4,4.17,0.07,0.0
acr_lr0p0125,False,47.2,47.5,0.3,21350-21460,1000,11.14,4.82,6.32,62.6,6.97,1363.0,158.0,32.0,7.7,4.36,0.03,0.0
